{"v":"5.6.8","fr":29.9700012207031,"ip":0,"op":109.000004439661,"w":360,"h":640,"nm":"MyJio Splash Screen","ddd":0,"assets":[{"id":"comp_0","layers":[{"ddd":0,"ind":1,"ty":4,"nm":"o","sr":1,"ks":{"o":{"a":0,"k":100,"ix":11},"r":{"a":0,"k":0,"ix":10},"p":{"a":0,"k":[342.777,585.66,0],"ix":2},"a":{"a":0,"k":[156.417,-10.34,0],"ix":1},"s":{"a":1,"k":[{"i":{"x":[0.667,0.667,0.667],"y":[1,1,1]},"o":{"x":[0.333,0.333,0.333],"y":[0,0,0]},"t":40,"s":[0,0,100],"e":[146,146,100]},{"i":{"x":[0.667,0.667,0.667],"y":[1,1,1]},"o":{"x":[0.333,0.333,0.333],"y":[0,0,0]},"t":51,"s":[146,146,100],"e":[112,112,100]},{"t":61.0000024845809}],"ix":6}},"ao":0,"shapes":[{"ty":"gr","it":[{"ind":0,"ty":"sh","ix":1,"ks":{"a":0,"k":{"i":[[0,2.134],[0.813,1.654],[1.52,0.934],[2.053,0],[1.52,-0.92],[0.826,-1.653],[0,-2.133],[-0.814,-1.64],[-1.534,-0.933],[-2.054,0],[-1.534,0.92],[-0.827,1.64]],"o":[[0,-2.106],[-0.814,-1.653],[-1.52,-0.933],[-2.054,0],[-1.52,0.92],[-0.827,1.654],[0,2.107],[0.813,1.64],[1.533,0.933],[2,0],[1.533,-0.92],[0.826,-1.64]],"v":[[166.497,-10.32],[165.277,-15.96],[161.777,-19.84],[156.417,-21.24],[151.057,-19.86],[147.537,-16],[146.297,-10.32],[147.517,-4.7],[151.037,-0.84],[156.417,0.56],[161.717,-0.82],[165.257,-4.66]],"c":true},"ix":2},"nm":"o","mn":"ADBE Vector Shape - Group","hd":false},{"ind":1,"ty":"sh","ix":2,"ks":{"a":0,"k":{"i":[[1.2,0],[0.84,0.614],[0.426,1.12],[0,1.44],[-0.44,1.107],[-0.827,0.627],[-1.147,0],[-0.84,-0.693],[-0.387,-1.12],[0,-1.306],[0.426,-1.12],[0.826,-0.626]],"o":[[-1.174,0],[-0.84,-0.613],[-0.427,-1.12],[0,-1.466],[0.44,-1.106],[0.826,-0.626],[1.28,0],[0.84,0.694],[0.386,1.12],[0,1.414],[-0.427,1.12],[-0.827,0.627]],"v":[[156.417,-2.96],[153.397,-3.88],[151.497,-6.48],[150.857,-10.32],[151.517,-14.18],[153.417,-16.78],[156.377,-17.72],[159.557,-16.68],[161.397,-13.96],[161.977,-10.32],[161.337,-6.52],[159.457,-3.9]],"c":true},"ix":2},"nm":"o","mn":"ADBE Vector Shape - Group","hd":false},{"ty":"mm","mm":1,"nm":"Merge Paths 1","mn":"ADBE Vector Filter - Merge","hd":false},{"ty":"fl","c":{"a":0,"k":[0.921570003734,0.921570003734,0.921570003734,1],"ix":4},"o":{"a":0,"k":100,"ix":5},"r":1,"bm":0,"nm":"Fill 1","mn":"ADBE Vector Graphic - Fill","hd":false},{"ty":"tr","p":{"a":0,"k":[0,0],"ix":2},"a":{"a":0,"k":[0,0],"ix":1},"s":{"a":0,"k":[100,100],"ix":3},"r":{"a":0,"k":0,"ix":6},"o":{"a":0,"k":100,"ix":7},"sk":{"a":0,"k":0,"ix":4},"sa":{"a":0,"k":0,"ix":5},"nm":"Transform"}],"nm":"o","np":5,"cix":2,"bm":0,"ix":1,"mn":"ADBE Vector Group","hd":false}],"ip":40.0000016292334,"op":1838.00007486327,"st":40.0000016292334,"bm":0},{"ddd":0,"ind":2,"ty":4,"nm":"i","sr":1,"ks":{"o":{"a":0,"k":100,"ix":11},"r":{"a":0,"k":0,"ix":10},"p":{"a":0,"k":[325.997,581.2,0],"ix":2},"a":{"a":0,"k":[139.638,-14.8,0],"ix":1},"s":{"a":1,"k":[{"i":{"x":[0.667,0.667,0.667],"y":[1,1,1]},"o":{"x":[0.333,0.333,0.333],"y":[0,0,0]},"t":43,"s":[0,0,100],"e":[118,118,100]},{"i":{"x":[0.667,0.667,0.667],"y":[1,1,1]},"o":{"x":[0.333,0.333,0.333],"y":[0,0,0]},"t":54,"s":[118,118,100],"e":[100,100,100]},{"t":63.0000025660426}],"ix":6}},"ao":0,"shapes":[{"ty":"gr","it":[{"ind":0,"ty":"sh","ix":1,"ks":{"a":0,"k":{"i":[[0,0.774],[0.52,0.52],[0.826,0],[0.52,-0.52],[0,-0.773],[-0.52,-0.52],[-0.8,0],[-0.52,0.52]],"o":[[0,-0.773],[-0.52,-0.52],[-0.8,0],[-0.52,0.52],[0,0.774],[0.52,0.52],[0.826,0],[0.52,-0.52]],"v":[[142.418,-26.88],[141.638,-28.82],[139.618,-29.6],[137.638,-28.82],[136.858,-26.88],[137.638,-24.94],[139.618,-24.16],[141.638,-24.94]],"c":true},"ix":2},"nm":"i","mn":"ADBE Vector Shape - Group","hd":false},{"ind":1,"ty":"sh","ix":2,"ks":{"a":0,"k":{"i":[[0,0],[0,0],[0,0],[0,0]],"o":[[0,0],[0,0],[0,0],[0,0]],"v":[[137.338,-20.68],[137.338,0],[141.898,0],[141.898,-20.68]],"c":true},"ix":2},"nm":"i","mn":"ADBE Vector Shape - Group","hd":false},{"ty":"mm","mm":1,"nm":"Merge Paths 1","mn":"ADBE Vector Filter - Merge","hd":false},{"ty":"fl","c":{"a":0,"k":[0.921570003734,0.921570003734,0.921570003734,1],"ix":4},"o":{"a":0,"k":100,"ix":5},"r":1,"bm":0,"nm":"Fill 1","mn":"ADBE Vector Graphic - Fill","hd":false},{"ty":"tr","p":{"a":0,"k":[0,0],"ix":2},"a":{"a":0,"k":[0,0],"ix":1},"s":{"a":0,"k":[100,100],"ix":3},"r":{"a":0,"k":0,"ix":6},"o":{"a":0,"k":100,"ix":7},"sk":{"a":0,"k":0,"ix":4},"sa":{"a":0,"k":0,"ix":5},"nm":"Transform"}],"nm":"i","np":5,"cix":2,"bm":0,"ix":1,"mn":"ADBE Vector Group","hd":false}],"ip":43.0000017514259,"op":1841.00007498547,"st":43.0000017514259,"bm":0},{"ddd":0,"ind":3,"ty":4,"nm":"J","sr":1,"ks":{"o":{"a":0,"k":100,"ix":11},"r":{"a":0,"k":0,"ix":10},"p":{"a":0,"k":[309.238,582.5,0],"ix":2},"a":{"a":0,"k":[122.878,-13.5,0],"ix":1},"s":{"a":1,"k":[{"i":{"x":[0.667,0.667,0.667],"y":[1,1,1]},"o":{"x":[0.333,0.333,0.333],"y":[0,0,0]},"t":40,"s":[0,0,100],"e":[146,146,100]},{"i":{"x":[0.667,0.667,0.667],"y":[1,1,1]},"o":{"x":[0.333,0.333,0.333],"y":[0,0,0]},"t":51,"s":[146,146,100],"e":[100,100,100]},{"t":61.0000024845809}],"ix":6}},"ao":0,"shapes":[{"ty":"gr","it":[{"ind":0,"ty":"sh","ix":1,"ks":{"a":0,"k":{"i":[[0,0],[0,0],[0,0],[0.213,-0.746],[0.573,-0.413],[1.04,0],[0.64,0.774],[0,1.6],[0,0],[0,0],[-0.694,-1.253],[-1.307,-0.666],[-1.814,0],[-1.454,1.507],[0,2.987]],"o":[[0,0],[0,0],[0,1.147],[-0.214,0.747],[-0.574,0.414],[-1.44,0],[-0.64,-0.773],[0,0],[0,0],[0,1.76],[0.693,1.254],[1.306,0.666],[2.986,0],[1.453,-1.506],[0,0]],"v":[[131.658,-27.64],[126.658,-27.64],[126.658,-8.76],[126.338,-5.92],[125.158,-4.18],[122.738,-3.56],[119.618,-4.72],[118.658,-8.28],[114.098,-8.28],[114.098,-7.76],[115.138,-3.24],[118.138,-0.36],[122.818,0.64],[129.478,-1.62],[131.658,-8.36]],"c":true},"ix":2},"nm":"J","mn":"ADBE Vector Shape - Group","hd":false},{"ty":"fl","c":{"a":0,"k":[0.921570003734,0.921570003734,0.921570003734,1],"ix":4},"o":{"a":0,"k":100,"ix":5},"r":1,"bm":0,"nm":"Fill 1","mn":"ADBE Vector Graphic - Fill","hd":false},{"ty":"tr","p":{"a":0,"k":[0,0],"ix":2},"a":{"a":0,"k":[0,0],"ix":1},"s":{"a":0,"k":[100,100],"ix":3},"r":{"a":0,"k":0,"ix":6},"o":{"a":0,"k":100,"ix":7},"sk":{"a":0,"k":0,"ix":4},"sa":{"a":0,"k":0,"ix":5},"nm":"Transform"}],"nm":"J","np":3,"cix":2,"bm":0,"ix":1,"mn":"ADBE Vector Group","hd":false}],"ip":40.0000016292334,"op":1838.00007486327,"st":40.0000016292334,"bm":0},{"ddd":0,"ind":4,"ty":4,"nm":"g","sr":1,"ks":{"o":{"a":0,"k":100,"ix":11},"r":{"a":0,"k":0,"ix":10},"p":{"a":0,"k":[275.559,589.38,0],"ix":2},"a":{"a":0,"k":[89.199,-6.62,0],"ix":1},"s":{"a":1,"k":[{"i":{"x":[0.667,0.667,0.667],"y":[1,1,1]},"o":{"x":[0.333,0.333,0.333],"y":[0,0,0]},"t":42,"s":[0,0,100],"e":[100,100,100]},{"t":52.0000021180034}],"ix":6}},"ao":0,"shapes":[{"ty":"gr","it":[{"ind":0,"ty":"sh","ix":1,"ks":{"a":0,"k":{"i":[[0,0],[1.04,0.64],[1.413,0],[1.333,-0.96],[0.693,-1.626],[0,-1.946],[-0.654,-1.626],[-1.307,-0.893],[-1.894,0],[-1.08,0.654],[-0.56,1.12],[0,0],[0,0],[0.88,-1],[1.733,0],[0.773,0.4],[0.186,0.88],[0,0],[-0.774,-0.854],[-1.267,-0.44],[-1.654,0],[-1.654,1.64],[0,2.986],[0,0],[0,0],[0,0]],"o":[[-0.56,-1.146],[-1.04,-0.64],[-1.787,0],[-1.334,0.96],[-0.694,1.627],[0,2.16],[0.653,1.627],[1.306,0.894],[1.36,0],[1.08,-0.653],[0,0],[0,0],[0,1.866],[-0.88,1],[-1.28,0],[-0.774,-0.4],[0,0],[0.106,1.253],[0.773,0.853],[1.266,0.44],[3.306,0],[1.653,-1.64],[0,0],[0,0],[0,0],[0,0]],"v":[[94.379,-17.6],[91.979,-20.28],[88.299,-21.24],[83.619,-19.8],[80.579,-15.92],[79.539,-10.56],[80.519,-4.88],[83.459,-1.1],[88.259,0.24],[91.919,-0.74],[94.379,-3.4],[94.459,-3.4],[94.459,-1.04],[93.139,3.26],[89.219,4.76],[86.139,4.16],[84.699,2.24],[80.179,2.24],[81.499,5.4],[84.559,7.34],[88.939,8],[96.379,5.54],[98.859,-1.4],[98.859,-20.68],[94.459,-20.68],[94.459,-17.6]],"c":true},"ix":2},"nm":"g","mn":"ADBE Vector Shape - Group","hd":false},{"ind":1,"ty":"sh","ix":2,"ks":{"a":0,"k":{"i":[[0,1.36],[-0.4,1.08],[-0.76,0.614],[-1.067,0],[-0.787,-0.72],[-0.334,-1.133],[0,-1.28],[0.413,-1.053],[0.786,-0.613],[1.093,0],[0.773,0.654],[0.36,1.08]],"o":[[0,-1.413],[0.4,-1.08],[0.76,-0.613],[1.28,0],[0.786,0.72],[0.333,1.134],[0,1.307],[-0.414,1.054],[-0.787,0.614],[-1.147,0],[-0.774,-0.653],[-0.36,-1.08]],"v":[[84.099,-10.52],[84.699,-14.26],[86.439,-16.8],[89.179,-17.72],[92.279,-16.64],[93.959,-13.86],[94.459,-10.24],[93.839,-6.7],[92.039,-4.2],[89.219,-3.28],[86.339,-4.26],[84.639,-6.86]],"c":true},"ix":2},"nm":"g","mn":"ADBE Vector Shape - Group","hd":false},{"ty":"mm","mm":1,"nm":"Merge Paths 1","mn":"ADBE Vector Filter - Merge","hd":false},{"ty":"fl","c":{"a":0,"k":[0.921570003734,0.921570003734,0.921570003734,1],"ix":4},"o":{"a":0,"k":100,"ix":5},"r":1,"bm":0,"nm":"Fill 1","mn":"ADBE Vector Graphic - Fill","hd":false},{"ty":"tr","p":{"a":0,"k":[0,0],"ix":2},"a":{"a":0,"k":[0,0],"ix":1},"s":{"a":0,"k":[100,100],"ix":3},"r":{"a":0,"k":0,"ix":6},"o":{"a":0,"k":100,"ix":7},"sk":{"a":0,"k":0,"ix":4},"sa":{"a":0,"k":0,"ix":5},"nm":"Transform"}],"nm":"g","np":5,"cix":2,"bm":0,"ix":1,"mn":"ADBE Vector Group","hd":false}],"ip":42.0000017106951,"op":1840.00007494474,"st":42.0000017106951,"bm":0},{"ddd":0,"ind":5,"ty":4,"nm":"n","sr":1,"ks":{"o":{"a":0,"k":100,"ix":11},"r":{"a":0,"k":0,"ix":10},"p":{"a":0,"k":[252.599,585.38,0],"ix":2},"a":{"a":0,"k":[66.239,-10.62,0],"ix":1},"s":{"a":1,"k":[{"i":{"x":[0.667,0.667,0.667],"y":[1,1,1]},"o":{"x":[0.333,0.333,0.333],"y":[0,0,0]},"t":42,"s":[0,0,100],"e":[100,100,100]},{"t":52.0000021180034}],"ix":6}},"ao":0,"shapes":[{"ty":"gr","it":[{"ind":0,"ty":"sh","ix":1,"ks":{"a":0,"k":{"i":[[0,0],[1.226,1.36],[2.56,0],[1.04,-0.626],[0.613,-1.12],[0,0],[0,0],[0,0],[0,0],[0,0],[0,0],[-0.774,0.934],[-1.52,0],[-0.694,-0.92],[0,-1.973],[0,0],[0,0]],"o":[[0,-2.693],[-1.227,-1.36],[-1.334,0],[-1.04,0.627],[0,0],[0,0],[0,0],[0,0],[0,0],[0,0],[0,-1.946],[0.773,-0.933],[1.493,0],[0.693,0.92],[0,0],[0,0],[0,0]],"v":[[75.259,-13.12],[73.419,-19.2],[67.739,-21.24],[64.179,-20.3],[61.699,-17.68],[61.619,-17.68],[61.619,-20.68],[57.219,-20.68],[57.219,0],[61.779,0],[61.779,-11.88],[62.939,-16.2],[66.379,-17.6],[69.659,-16.22],[70.699,-11.88],[70.699,0],[75.259,0]],"c":true},"ix":2},"nm":"n","mn":"ADBE Vector Shape - Group","hd":false},{"ty":"fl","c":{"a":0,"k":[0.921570003734,0.921570003734,0.921570003734,1],"ix":4},"o":{"a":0,"k":100,"ix":5},"r":1,"bm":0,"nm":"Fill 1","mn":"ADBE Vector Graphic - Fill","hd":false},{"ty":"tr","p":{"a":0,"k":[0,0],"ix":2},"a":{"a":0,"k":[0,0],"ix":1},"s":{"a":0,"k":[100,100],"ix":3},"r":{"a":0,"k":0,"ix":6},"o":{"a":0,"k":100,"ix":7},"sk":{"a":0,"k":0,"ix":4},"sa":{"a":0,"k":0,"ix":5},"nm":"Transform"}],"nm":"n","np":3,"cix":2,"bm":0,"ix":1,"mn":"ADBE Vector Group","hd":false}],"ip":42.0000017106951,"op":1840.00007494474,"st":42.0000017106951,"bm":0},{"ddd":0,"ind":6,"ty":4,"nm":"i","sr":1,"ks":{"o":{"a":0,"k":100,"ix":11},"r":{"a":0,"k":0,"ix":10},"p":{"a":0,"k":[236.159,581.2,0],"ix":2},"a":{"a":0,"k":[49.799,-14.8,0],"ix":1},"s":{"a":1,"k":[{"i":{"x":[0.667,0.667,0.667],"y":[1,1,1]},"o":{"x":[0.333,0.333,0.333],"y":[0,0,0]},"t":45,"s":[0,0,100],"e":[100,100,100]},{"t":55.0000022401959}],"ix":6}},"ao":0,"shapes":[{"ty":"gr","it":[{"ind":0,"ty":"sh","ix":1,"ks":{"a":0,"k":{"i":[[0,0.774],[0.52,0.52],[0.826,0],[0.52,-0.52],[0,-0.773],[-0.52,-0.52],[-0.8,0],[-0.52,0.52]],"o":[[0,-0.773],[-0.52,-0.52],[-0.8,0],[-0.52,0.52],[0,0.774],[0.52,0.52],[0.826,0],[0.52,-0.52]],"v":[[52.579,-26.88],[51.799,-28.82],[49.779,-29.6],[47.799,-28.82],[47.02,-26.88],[47.799,-24.94],[49.779,-24.16],[51.799,-24.94]],"c":true},"ix":2},"nm":"i","mn":"ADBE Vector Shape - Group","hd":false},{"ind":1,"ty":"sh","ix":2,"ks":{"a":0,"k":{"i":[[0,0],[0,0],[0,0],[0,0]],"o":[[0,0],[0,0],[0,0],[0,0]],"v":[[47.499,-20.68],[47.499,0],[52.059,0],[52.059,-20.68]],"c":true},"ix":2},"nm":"i","mn":"ADBE Vector Shape - Group","hd":false},{"ty":"mm","mm":1,"nm":"Merge Paths 1","mn":"ADBE Vector Filter - Merge","hd":false},{"ty":"fl","c":{"a":0,"k":[0.921570003734,0.921570003734,0.921570003734,1],"ix":4},"o":{"a":0,"k":100,"ix":5},"r":1,"bm":0,"nm":"Fill 1","mn":"ADBE Vector Graphic - Fill","hd":false},{"ty":"tr","p":{"a":0,"k":[0,0],"ix":2},"a":{"a":0,"k":[0,0],"ix":1},"s":{"a":0,"k":[100,100],"ix":3},"r":{"a":0,"k":0,"ix":6},"o":{"a":0,"k":100,"ix":7},"sk":{"a":0,"k":0,"ix":4},"sa":{"a":0,"k":0,"ix":5},"nm":"Transform"}],"nm":"i","np":5,"cix":2,"bm":0,"ix":1,"mn":"ADBE Vector Group","hd":false}],"ip":45.0000018328876,"op":1843.00007506693,"st":45.0000018328876,"bm":0},{"ddd":0,"ind":7,"ty":4,"nm":"h","sr":1,"ks":{"o":{"a":0,"k":100,"ix":11},"r":{"a":0,"k":0,"ix":10},"p":{"a":0,"k":[219.679,581.72,0],"ix":2},"a":{"a":0,"k":[33.32,-14.28,0],"ix":1},"s":{"a":1,"k":[{"i":{"x":[0.667,0.667,0.667],"y":[1,1,1]},"o":{"x":[0.333,0.333,0.333],"y":[0,0,0]},"t":40,"s":[0,0,100],"e":[100,100,100]},{"t":51.0000020772726}],"ix":6}},"ao":0,"shapes":[{"ty":"gr","it":[{"ind":0,"ty":"sh","ix":1,"ks":{"a":0,"k":{"i":[[0,0],[0,0],[0,0],[0,0],[0,0],[-0.774,0.934],[-1.52,0],[-0.707,-0.92],[0,-1.973],[0,0],[0,0],[0,0],[1.213,1.36],[2.533,0],[1.04,-0.626],[0.586,-1.12],[0,0]],"o":[[0,0],[0,0],[0,0],[0,0],[0,-1.946],[0.773,-0.933],[1.493,0],[0.706,0.92],[0,0],[0,0],[0,0],[0,-2.693],[-1.214,-1.36],[-1.307,0],[-1.04,0.627],[0,0],[0,0]],"v":[[28.86,-28.56],[24.3,-28.56],[24.3,0],[28.86,0],[28.86,-11.88],[30.02,-16.2],[33.46,-17.6],[36.76,-16.22],[37.82,-11.88],[37.82,0],[42.34,0],[42.34,-13.12],[40.52,-19.2],[34.9,-21.24],[31.38,-20.3],[28.94,-17.68],[28.86,-17.68]],"c":true},"ix":2},"nm":"h","mn":"ADBE Vector Shape - Group","hd":false},{"ty":"fl","c":{"a":0,"k":[0.921570003734,0.921570003734,0.921570003734,1],"ix":4},"o":{"a":0,"k":100,"ix":5},"r":1,"bm":0,"nm":"Fill 1","mn":"ADBE Vector Graphic - Fill","hd":false},{"ty":"tr","p":{"a":0,"k":[0,0],"ix":2},"a":{"a":0,"k":[0,0],"ix":1},"s":{"a":0,"k":[100,100],"ix":3},"r":{"a":0,"k":0,"ix":6},"o":{"a":0,"k":100,"ix":7},"sk":{"a":0,"k":0,"ix":4},"sa":{"a":0,"k":0,"ix":5},"nm":"Transform"}],"nm":"h","np":3,"cix":2,"bm":0,"ix":1,"mn":"ADBE Vector Group","hd":false}],"ip":40.0000016292334,"op":1838.00007486327,"st":40.0000016292334,"bm":0},{"ddd":0,"ind":8,"ty":4,"nm":"t","sr":1,"ks":{"o":{"a":0,"k":100,"ix":11},"r":{"a":0,"k":0,"ix":10},"p":{"a":0,"k":[201.1,582.72,0],"ix":2},"a":{"a":0,"k":[14.74,-13.28,0],"ix":1},"s":{"a":1,"k":[{"i":{"x":[0.667,0.667,0.667],"y":[1,1,1]},"o":{"x":[0.333,0.333,0.333],"y":[0,0,0]},"t":28,"s":[0,0,100],"e":[120,120,100]},{"i":{"x":[0.667,0.667,0.667],"y":[1,1,1]},"o":{"x":[0.333,0.333,0.333],"y":[0,0,0]},"t":38,"s":[120,120,100],"e":[100,100,100]},{"t":48.0000019550801}],"ix":6}},"ao":0,"shapes":[{"ty":"gr","it":[{"ind":0,"ty":"sh","ix":1,"ks":{"a":0,"k":{"i":[[0,0],[0,0],[0,0],[0,0],[0,0],[0,0],[0,0],[-1.08,-1.04],[-2.054,0],[-0.774,0.24],[0,0],[0.48,0],[0.373,0.214],[0.186,0.52],[0,0.96],[0,0],[0,0],[0,0],[0,0]],"o":[[0,0],[0,0],[0,0],[0,0],[0,0],[0,0],[0,2.454],[1.08,1.04],[0.88,0],[0,0],[-0.587,0.134],[-0.64,0],[-0.374,-0.213],[-0.187,-0.52],[0,0],[0,0],[0,0],[0,0],[0,0]],"v":[[16.58,-26.88],[12.02,-26.88],[12.02,-20.68],[8.66,-20.68],[8.66,-17.48],[12.02,-17.48],[12.02,-6.48],[13.64,-1.24],[18.34,0.32],[20.82,-0.04],[20.82,-3.56],[19.22,-3.36],[17.7,-3.68],[16.86,-4.78],[16.58,-7],[16.58,-17.48],[20.66,-17.48],[20.66,-20.68],[16.58,-20.68]],"c":true},"ix":2},"nm":"t","mn":"ADBE Vector Shape - Group","hd":false},{"ty":"fl","c":{"a":0,"k":[0.921570003734,0.921570003734,0.921570003734,1],"ix":4},"o":{"a":0,"k":100,"ix":5},"r":1,"bm":0,"nm":"Fill 1","mn":"ADBE Vector Graphic - Fill","hd":false},{"ty":"tr","p":{"a":0,"k":[0,0],"ix":2},"a":{"a":0,"k":[0,0],"ix":1},"s":{"a":0,"k":[100,100],"ix":3},"r":{"a":0,"k":0,"ix":6},"o":{"a":0,"k":100,"ix":7},"sk":{"a":0,"k":0,"ix":4},"sa":{"a":0,"k":0,"ix":5},"nm":"Transform"}],"nm":"t","np":3,"cix":2,"bm":0,"ix":1,"mn":"ADBE Vector Group","hd":false}],"ip":28.0000011404634,"op":1826.0000743745,"st":28.0000011404634,"bm":0},{"ddd":0,"ind":9,"ty":4,"nm":"y","sr":1,"ks":{"o":{"a":0,"k":100,"ix":11},"r":{"a":0,"k":0,"ix":10},"p":{"a":0,"k":[184.5,590.72,0],"ix":2},"a":{"a":0,"k":[-1.86,-5.28,0],"ix":1},"s":{"a":1,"k":[{"i":{"x":[0.667,0.667,0.667],"y":[1,1,1]},"o":{"x":[0.333,0.333,0.333],"y":[0,0,0]},"t":35,"s":[0,0,100],"e":[126,126,100]},{"i":{"x":[0.667,0.667,0.667],"y":[1,1,1]},"o":{"x":[0.333,0.333,0.333],"y":[0,0,0]},"t":45,"s":[126,126,100],"e":[100,100,100]},{"t":54.0000021994651}],"ix":6}},"ao":0,"shapes":[{"ty":"gr","it":[{"ind":0,"ty":"sh","ix":1,"ks":{"a":0,"k":{"i":[[0,0],[0,0],[0,0],[0.866,-0.627],[1.52,-0.054],[0,0],[-1.227,0.413],[-1.067,1.16],[-0.747,2.16],[0,0],[0,0],[0,0],[0,0]],"o":[[0,0],[0,0],[-0.507,1.413],[-0.867,0.626],[0,0],[1.546,-0.054],[1.226,-0.414],[1.066,-1.16],[0,0],[0,0],[0,0],[0,0],[0,0]],"v":[[-7.1,-20.68],[-11.94,-20.68],[-4.26,-0.04],[-6.32,3.02],[-9.9,4.04],[-9.9,7.84],[-5.74,7.14],[-2.3,4.78],[0.42,-0.2],[7.82,-20.68],[3.14,-20.68],[-1.86,-5.28],[-1.94,-5.28]],"c":true},"ix":2},"nm":"y","mn":"ADBE Vector Shape - Group","hd":false},{"ty":"fl","c":{"a":0,"k":[0.921570003734,0.921570003734,0.921570003734,1],"ix":4},"o":{"a":0,"k":100,"ix":5},"r":1,"bm":0,"nm":"Fill 1","mn":"ADBE Vector Graphic - Fill","hd":false},{"ty":"tr","p":{"a":0,"k":[0,0],"ix":2},"a":{"a":0,"k":[0,0],"ix":1},"s":{"a":0,"k":[100,100],"ix":3},"r":{"a":0,"k":0,"ix":6},"o":{"a":0,"k":100,"ix":7},"sk":{"a":0,"k":0,"ix":4},"sa":{"a":0,"k":0,"ix":5},"nm":"Transform"}],"nm":"y","np":3,"cix":2,"bm":0,"ix":1,"mn":"ADBE Vector Group","hd":false}],"ip":35.0000014255792,"op":1833.00007465962,"st":35.0000014255792,"bm":0},{"ddd":0,"ind":10,"ty":4,"nm":"r","sr":1,"ks":{"o":{"a":0,"k":100,"ix":11},"r":{"a":0,"k":0,"ix":10},"p":{"a":0,"k":[166.341,585.72,0],"ix":2},"a":{"a":0,"k":[-20.019,-10.28,0],"ix":1},"s":{"a":1,"k":[{"i":{"x":[0.667,0.667,0.667],"y":[1,1,1]},"o":{"x":[0.333,0.333,0.333],"y":[0,0,0]},"t":34,"s":[0,0,100],"e":[134,134,100]},{"i":{"x":[0.667,0.667,0.667],"y":[1,1,1]},"o":{"x":[0.333,0.333,0.333],"y":[0,0,0]},"t":44,"s":[134,134,100],"e":[100,100,100]},{"t":52.0000021180034}],"ix":6}},"ao":0,"shapes":[{"ty":"gr","it":[{"ind":0,"ty":"sh","ix":1,"ks":{"a":0,"k":{"i":[[0,0],[0.56,0],[1.053,-0.773],[0.453,-1.306],[0,0],[0,0],[0,0],[0,0],[0,0],[0,0],[-0.974,1.227],[-1.92,0],[-0.48,-0.106]],"o":[[-0.48,-0.106],[-1.414,0],[-1.054,0.774],[0,0],[0,0],[0,0],[0,0],[0,0],[0,0],[0,-2.026],[0.973,-1.226],[0.613,0],[0,0]],"v":[[-12.579,-21.08],[-14.139,-21.24],[-17.839,-20.08],[-20.099,-16.96],[-20.179,-16.96],[-20.179,-20.68],[-24.539,-20.68],[-24.539,0],[-20.019,0],[-20.019,-10.28],[-18.559,-15.16],[-14.219,-17],[-12.579,-16.84]],"c":true},"ix":2},"nm":"r","mn":"ADBE Vector Shape - Group","hd":false},{"ty":"fl","c":{"a":0,"k":[0.921570003734,0.921570003734,0.921570003734,1],"ix":4},"o":{"a":0,"k":100,"ix":5},"r":1,"bm":0,"nm":"Fill 1","mn":"ADBE Vector Graphic - Fill","hd":false},{"ty":"tr","p":{"a":0,"k":[0,0],"ix":2},"a":{"a":0,"k":[0,0],"ix":1},"s":{"a":0,"k":[100,100],"ix":3},"r":{"a":0,"k":0,"ix":6},"o":{"a":0,"k":100,"ix":7},"sk":{"a":0,"k":0,"ix":4},"sa":{"a":0,"k":0,"ix":5},"nm":"Transform"}],"nm":"r","np":3,"cix":2,"bm":0,"ix":1,"mn":"ADBE Vector Group","hd":false}],"ip":34.0000013848484,"op":1832.00007461889,"st":34.0000013848484,"bm":0},{"ddd":0,"ind":11,"ty":4,"nm":"e","sr":1,"ks":{"o":{"a":0,"k":100,"ix":11},"r":{"a":0,"k":0,"ix":10},"p":{"a":0,"k":[148.101,585.66,0],"ix":2},"a":{"a":0,"k":[-38.259,-10.34,0],"ix":1},"s":{"a":1,"k":[{"i":{"x":[0.667,0.667,0.667],"y":[1,1,1]},"o":{"x":[0.333,0.333,0.333],"y":[0,0,0]},"t":39,"s":[0,0,100],"e":[126,126,100]},{"i":{"x":[0.667,0.667,0.667],"y":[1,1,1]},"o":{"x":[0.333,0.333,0.333],"y":[0,0,0]},"t":49,"s":[126,126,100],"e":[100,100,100]},{"t":58.0000023623884}],"ix":6}},"ao":0,"shapes":[{"ty":"gr","it":[{"ind":0,"ty":"sh","ix":1,"ks":{"a":0,"k":{"i":[[0,0],[0.733,1.68],[1.426,0.96],[2.026,0],[1.493,-0.973],[0.8,-1.653],[0,-2.026],[-0.787,-1.64],[-1.507,-0.906],[-2.054,0],[-1.534,1.093],[-0.534,2.08],[0,0],[0.813,-0.533],[1.28,0],[0.96,1.134],[0.053,1.92],[0,0]],"o":[[0,-2.16],[-0.734,-1.68],[-1.427,-0.96],[-1.974,0],[-1.494,0.974],[-0.8,1.654],[0,2.16],[0.786,1.64],[1.506,0.906],[2.4,0],[1.533,-1.093],[0,0],[-0.24,0.88],[-0.814,0.534],[-1.76,0],[-0.96,-1.133],[0,0],[0,0]],"v":[[-28.579,-10.08],[-29.679,-15.84],[-32.919,-19.8],[-38.099,-21.24],[-43.299,-19.78],[-46.739,-15.84],[-47.939,-10.32],[-46.759,-4.62],[-43.319,-0.8],[-37.979,0.56],[-32.079,-1.08],[-28.979,-5.84],[-33.099,-5.84],[-34.679,-3.72],[-37.819,-2.92],[-41.899,-4.62],[-43.419,-9.2],[-28.579,-9.2]],"c":true},"ix":2},"nm":"e","mn":"ADBE Vector Shape - Group","hd":false},{"ind":1,"ty":"sh","ix":2,"ks":{"a":0,"k":{"i":[[0,0],[-0.92,0.96],[-1.467,0],[-0.867,-0.973],[-0.134,-1.68]],"o":[[0.213,-1.706],[0.92,-0.96],[1.493,0],[0.866,0.974],[0,0]],"v":[[-43.419,-12.28],[-41.719,-16.28],[-38.139,-17.72],[-34.599,-16.26],[-33.099,-12.28]],"c":true},"ix":2},"nm":"e","mn":"ADBE Vector Shape - Group","hd":false},{"ty":"mm","mm":1,"nm":"Merge Paths 1","mn":"ADBE Vector Filter - Merge","hd":false},{"ty":"fl","c":{"a":0,"k":[0.921570003734,0.921570003734,0.921570003734,1],"ix":4},"o":{"a":0,"k":100,"ix":5},"r":1,"bm":0,"nm":"Fill 1","mn":"ADBE Vector Graphic - Fill","hd":false},{"ty":"tr","p":{"a":0,"k":[0,0],"ix":2},"a":{"a":0,"k":[0,0],"ix":1},"s":{"a":0,"k":[100,100],"ix":3},"r":{"a":0,"k":0,"ix":6},"o":{"a":0,"k":100,"ix":7},"sk":{"a":0,"k":0,"ix":4},"sa":{"a":0,"k":0,"ix":5},"nm":"Transform"}],"nm":"e","np":5,"cix":2,"bm":0,"ix":1,"mn":"ADBE Vector Group","hd":false}],"ip":39.0000015885026,"op":1837.00007482254,"st":39.0000015885026,"bm":0},{"ddd":0,"ind":12,"ty":4,"nm":"v","sr":1,"ks":{"o":{"a":0,"k":100,"ix":11},"r":{"a":0,"k":0,"ix":10},"p":{"a":0,"k":[126.781,585.66,0],"ix":2},"a":{"a":0,"k":[-59.579,-10.34,0],"ix":1},"s":{"a":1,"k":[{"i":{"x":[0.667,0.667,0.667],"y":[1,1,1]},"o":{"x":[0.333,0.333,0.333],"y":[0,0,0]},"t":30,"s":[0,0,100],"e":[151,151,100]},{"i":{"x":[0.667,0.667,0.667],"y":[1,1,1]},"o":{"x":[0.333,0.333,0.333],"y":[0,0,0]},"t":37,"s":[151,151,100],"e":[100,100,100]},{"t":45.0000018328876}],"ix":6}},"ao":0,"shapes":[{"ty":"gr","it":[{"ind":0,"ty":"sh","ix":1,"ks":{"a":0,"k":{"i":[[0,0],[0,0],[0,0],[0,0],[0,0],[0,0],[0,0],[0,0]],"o":[[0,0],[0,0],[0,0],[0,0],[0,0],[0,0],[0,0],[0,0]],"v":[[-69.179,-20.68],[-62.019,0],[-57.019,0],[-49.979,-20.68],[-54.539,-20.68],[-59.419,-5.12],[-59.499,-5.12],[-64.379,-20.68]],"c":true},"ix":2},"nm":"v","mn":"ADBE Vector Shape - Group","hd":false},{"ty":"fl","c":{"a":0,"k":[0.921570003734,0.921570003734,0.921570003734,1],"ix":4},"o":{"a":0,"k":100,"ix":5},"r":1,"bm":0,"nm":"Fill 1","mn":"ADBE Vector Graphic - Fill","hd":false},{"ty":"tr","p":{"a":0,"k":[0,0],"ix":2},"a":{"a":0,"k":[0,0],"ix":1},"s":{"a":0,"k":[100,100],"ix":3},"r":{"a":0,"k":0,"ix":6},"o":{"a":0,"k":100,"ix":7},"sk":{"a":0,"k":0,"ix":4},"sa":{"a":0,"k":0,"ix":5},"nm":"Transform"}],"nm":"v","np":3,"cix":2,"bm":0,"ix":1,"mn":"ADBE Vector Group","hd":false}],"ip":30.0000012219251,"op":1828.00007445597,"st":30.0000012219251,"bm":0},{"ddd":0,"ind":13,"ty":4,"nm":"E","sr":1,"ks":{"o":{"a":0,"k":100,"ix":11},"r":{"a":0,"k":0,"ix":10},"p":{"a":0,"k":[104.761,582.18,0],"ix":2},"a":{"a":0,"k":[-81.598,-13.82,0],"ix":1},"s":{"a":1,"k":[{"i":{"x":[0.667,0.667,0.667],"y":[1,1,1]},"o":{"x":[0.333,0.333,0.333],"y":[0,0,0]},"t":35,"s":[0,0,100],"e":[123,123,100]},{"i":{"x":[0.667,0.667,0.667],"y":[1,1,1]},"o":{"x":[0.333,0.333,0.333],"y":[0,0,0]},"t":44,"s":[123,123,100],"e":[100,100,100]},{"t":53.0000021587343}],"ix":6}},"ao":0,"shapes":[{"ty":"gr","it":[{"ind":0,"ty":"sh","ix":1,"ks":{"a":0,"k":{"i":[[0,0],[0,0],[0,0],[0,0],[0,0],[0,0],[0,0],[0,0],[0,0],[0,0],[0,0],[0,0]],"o":[[0,0],[0,0],[0,0],[0,0],[0,0],[0,0],[0,0],[0,0],[0,0],[0,0],[0,0],[0,0]],"v":[[-91.858,-27.64],[-91.858,0],[-71.338,0],[-71.338,-4.24],[-86.858,-4.24],[-86.858,-12.24],[-72.778,-12.24],[-72.778,-16.2],[-86.858,-16.2],[-86.858,-23.4],[-71.618,-23.4],[-71.618,-27.64]],"c":true},"ix":2},"nm":"E","mn":"ADBE Vector Shape - Group","hd":false},{"ty":"fl","c":{"a":0,"k":[0.921570003734,0.921570003734,0.921570003734,1],"ix":4},"o":{"a":0,"k":100,"ix":5},"r":1,"bm":0,"nm":"Fill 1","mn":"ADBE Vector Graphic - Fill","hd":false},{"ty":"tr","p":{"a":0,"k":[0,0],"ix":2},"a":{"a":0,"k":[0,0],"ix":1},"s":{"a":0,"k":[100,100],"ix":3},"r":{"a":0,"k":0,"ix":6},"o":{"a":0,"k":100,"ix":7},"sk":{"a":0,"k":0,"ix":4},"sa":{"a":0,"k":0,"ix":5},"nm":"Transform"}],"nm":"E","np":3,"cix":2,"bm":0,"ix":1,"mn":"ADBE Vector Group","hd":false}],"ip":35.0000014255792,"op":1833.00007465962,"st":35.0000014255792,"bm":0},{"ddd":0,"ind":14,"ty":4,"nm":"R","sr":1,"ks":{"o":{"a":0,"k":100,"ix":11},"r":{"a":0,"k":0,"ix":10},"p":{"a":0,"k":[71.942,585.72,0],"ix":2},"a":{"a":0,"k":[-114.417,-10.28,0],"ix":1},"s":{"a":1,"k":[{"i":{"x":[0.667,0.667,0.667],"y":[1,1,1]},"o":{"x":[0.333,0.333,0.333],"y":[0,0,0]},"t":32,"s":[0,0,100],"e":[100,100,100]},{"t":41.0000016699642}],"ix":6}},"ao":0,"shapes":[{"ty":"gr","it":[{"ind":0,"ty":"sh","ix":1,"ks":{"a":0,"k":{"i":[[0,0],[0.56,0],[1.053,-0.773],[0.453,-1.306],[0,0],[0,0],[0,0],[0,0],[0,0],[0,0],[-0.974,1.227],[-1.92,0],[-0.48,-0.106]],"o":[[-0.48,-0.106],[-1.414,0],[-1.054,0.774],[0,0],[0,0],[0,0],[0,0],[0,0],[0,0],[0,-2.026],[0.973,-1.226],[0.613,0],[0,0]],"v":[[-106.977,-21.08],[-108.537,-21.24],[-112.237,-20.08],[-114.497,-16.96],[-114.577,-16.96],[-114.577,-20.68],[-118.937,-20.68],[-118.937,0],[-114.417,0],[-114.417,-10.28],[-112.957,-15.16],[-108.617,-17],[-106.977,-16.84]],"c":true},"ix":2},"nm":"r","mn":"ADBE Vector Shape - Group","hd":false},{"ty":"fl","c":{"a":0,"k":[0.921570003734,0.921570003734,0.921570003734,1],"ix":4},"o":{"a":0,"k":100,"ix":5},"r":1,"bm":0,"nm":"Fill 1","mn":"ADBE Vector Graphic - Fill","hd":false},{"ty":"tr","p":{"a":0,"k":[0,0],"ix":2},"a":{"a":0,"k":[0,0],"ix":1},"s":{"a":0,"k":[100,100],"ix":3},"r":{"a":0,"k":0,"ix":6},"o":{"a":0,"k":100,"ix":7},"sk":{"a":0,"k":0,"ix":4},"sa":{"a":0,"k":0,"ix":5},"nm":"Transform"}],"nm":"r","np":3,"cix":2,"bm":0,"ix":1,"mn":"ADBE Vector Group","hd":false}],"ip":32.0000013033867,"op":1830.00007453743,"st":32.0000013033867,"bm":0},{"ddd":0,"ind":15,"ty":4,"nm":"O","sr":1,"ks":{"o":{"a":0,"k":100,"ix":11},"r":{"a":0,"k":0,"ix":10},"p":{"a":0,"k":[52.983,585.66,0],"ix":2},"a":{"a":0,"k":[-133.377,-10.34,0],"ix":1},"s":{"a":1,"k":[{"i":{"x":[0.667,0.667,0.667],"y":[1,1,1]},"o":{"x":[0.333,0.333,0.333],"y":[0,0,0]},"t":32,"s":[0,0,100],"e":[100,100,100]},{"t":41.0000016699642}],"ix":6}},"ao":0,"shapes":[{"ty":"gr","it":[{"ind":0,"ty":"sh","ix":1,"ks":{"a":0,"k":{"i":[[0,2.134],[0.813,1.654],[1.52,0.934],[2.053,0],[1.52,-0.92],[0.826,-1.653],[0,-2.133],[-0.814,-1.64],[-1.534,-0.933],[-2.054,0],[-1.534,0.92],[-0.827,1.64]],"o":[[0,-2.106],[-0.814,-1.653],[-1.52,-0.933],[-2.054,0],[-1.52,0.92],[-0.827,1.654],[0,2.107],[0.813,1.64],[1.533,0.933],[2,0],[1.533,-0.92],[0.826,-1.64]],"v":[[-123.297,-10.32],[-124.517,-15.96],[-128.017,-19.84],[-133.377,-21.24],[-138.737,-19.86],[-142.257,-16],[-143.497,-10.32],[-142.277,-4.7],[-138.757,-0.84],[-133.377,0.56],[-128.077,-0.82],[-124.537,-4.66]],"c":true},"ix":2},"nm":"o","mn":"ADBE Vector Shape - Group","hd":false},{"ind":1,"ty":"sh","ix":2,"ks":{"a":0,"k":{"i":[[1.2,0],[0.84,0.614],[0.426,1.12],[0,1.44],[-0.44,1.107],[-0.827,0.627],[-1.147,0],[-0.84,-0.693],[-0.387,-1.12],[0,-1.306],[0.426,-1.12],[0.826,-0.626]],"o":[[-1.174,0],[-0.84,-0.613],[-0.427,-1.12],[0,-1.466],[0.44,-1.106],[0.826,-0.626],[1.28,0],[0.84,0.694],[0.386,1.12],[0,1.414],[-0.427,1.12],[-0.827,0.627]],"v":[[-133.377,-2.96],[-136.397,-3.88],[-138.297,-6.48],[-138.937,-10.32],[-138.277,-14.18],[-136.377,-16.78],[-133.417,-17.72],[-130.237,-16.68],[-128.397,-13.96],[-127.817,-10.32],[-128.457,-6.52],[-130.337,-3.9]],"c":true},"ix":2},"nm":"o","mn":"ADBE Vector Shape - Group","hd":false},{"ty":"mm","mm":1,"nm":"Merge Paths 1","mn":"ADBE Vector Filter - Merge","hd":false},{"ty":"fl","c":{"a":0,"k":[0.921570003734,0.921570003734,0.921570003734,1],"ix":4},"o":{"a":0,"k":100,"ix":5},"r":1,"bm":0,"nm":"Fill 1","mn":"ADBE Vector Graphic - Fill","hd":false},{"ty":"tr","p":{"a":0,"k":[0,0],"ix":2},"a":{"a":0,"k":[0,0],"ix":1},"s":{"a":0,"k":[100,100],"ix":3},"r":{"a":0,"k":0,"ix":6},"o":{"a":0,"k":100,"ix":7},"sk":{"a":0,"k":0,"ix":4},"sa":{"a":0,"k":0,"ix":5},"nm":"Transform"}],"nm":"o","np":5,"cix":2,"bm":0,"ix":1,"mn":"ADBE Vector Group","hd":false}],"ip":32.0000013033867,"op":1830.00007453743,"st":32.0000013033867,"bm":0},{"ddd":0,"ind":16,"ty":4,"nm":"F","sr":1,"ks":{"o":{"a":0,"k":100,"ix":11},"r":{"a":0,"k":0,"ix":10},"p":{"a":0,"k":[30.583,582.18,0],"ix":2},"a":{"a":0,"k":[-155.777,-13.82,0],"ix":1},"s":{"a":1,"k":[{"i":{"x":[0.667,0.667,0.667],"y":[1,1,1]},"o":{"x":[0.333,0.333,0.333],"y":[0,0,0]},"t":32,"s":[0,0,100],"e":[100,100,100]},{"t":41.0000016699642}],"ix":6}},"ao":0,"shapes":[{"ty":"gr","it":[{"ind":0,"ty":"sh","ix":1,"ks":{"a":0,"k":{"i":[[0,0],[0,0],[0,0],[0,0],[0,0],[0,0],[0,0],[0,0],[0,0],[0,0]],"o":[[0,0],[0,0],[0,0],[0,0],[0,0],[0,0],[0,0],[0,0],[0,0],[0,0]],"v":[[-165.217,-27.64],[-165.217,0],[-160.217,0],[-160.217,-11.96],[-148.097,-11.96],[-148.097,-15.96],[-160.217,-15.96],[-160.217,-23.4],[-146.337,-23.4],[-146.337,-27.64]],"c":true},"ix":2},"nm":"F","mn":"ADBE Vector Shape - Group","hd":false},{"ty":"fl","c":{"a":0,"k":[0.921570003734,0.921570003734,0.921570003734,1],"ix":4},"o":{"a":0,"k":100,"ix":5},"r":1,"bm":0,"nm":"Fill 1","mn":"ADBE Vector Graphic - Fill","hd":false},{"ty":"tr","p":{"a":0,"k":[0,0],"ix":2},"a":{"a":0,"k":[0,0],"ix":1},"s":{"a":0,"k":[100,100],"ix":3},"r":{"a":0,"k":0,"ix":6},"o":{"a":0,"k":100,"ix":7},"sk":{"a":0,"k":0,"ix":4},"sa":{"a":0,"k":0,"ix":5},"nm":"Transform"}],"nm":"F","np":3,"cix":2,"bm":0,"ix":1,"mn":"ADBE Vector Group","hd":false}],"ip":32.0000013033867,"op":1830.00007453743,"st":32.0000013033867,"bm":0}]}],"layers":[{"ddd":0,"ind":1,"ty":4,"nm":"MyJio Outlines","sr":1,"ks":{"o":{"a":1,"k":[{"i":{"x":[0.833],"y":[0.833]},"o":{"x":[0.167],"y":[0.167]},"t":30,"s":[0],"e":[100]},{"i":{"x":[0.833],"y":[0.833]},"o":{"x":[0.167],"y":[0.167]},"t":41,"s":[100],"e":[100]},{"i":{"x":[0.833],"y":[0.833]},"o":{"x":[0.167],"y":[0.167]},"t":94,"s":[100],"e":[0]},{"t":99.0000040323527}],"ix":11},"r":{"a":0,"k":0,"ix":10},"p":{"a":0,"k":[179.587,386,0],"ix":2},"a":{"a":0,"k":[0,0,0],"ix":1},"s":{"a":0,"k":[52,52,100],"ix":6}},"ao":0,"shapes":[{"ty":"gr","it":[{"ind":0,"ty":"sh","ix":1,"ks":{"a":0,"k":{"i":[[0,0],[0,0],[0,0],[0,0],[0,0],[0,0],[0,0],[0,0],[0,0],[0,0],[0,0],[0,0],[0,0],[0,0],[0,0],[0,0]],"o":[[0,0],[0,0],[0,0],[0,0],[0,0],[0,0],[0,0],[0,0],[0,0],[0,0],[0,0],[0,0],[0,0],[0,0],[0,0],[0,0]],"v":[[-71.893,-36.623],[-71.893,0],[-64.102,0],[-64.102,-25.493],[-63.996,-25.493],[-55.251,0],[-48.838,0],[-40.093,-25.705],[-39.987,-25.705],[-39.987,0],[-32.196,0],[-32.196,-36.623],[-43.909,-36.623],[-51.806,-11.819],[-51.912,-11.819],[-60.18,-36.623]],"c":true},"ix":2},"nm":"M","mn":"ADBE Vector Shape - Group","hd":false},{"ty":"fl","c":{"a":0,"k":[1,1,1,1],"ix":4},"o":{"a":0,"k":100,"ix":5},"r":1,"bm":0,"nm":"Fill 1","mn":"ADBE Vector Graphic - Fill","hd":false},{"ty":"tr","p":{"a":0,"k":[0,-17.5],"ix":2},"a":{"a":0,"k":[0,0],"ix":1},"s":{"a":0,"k":[100,100],"ix":3},"r":{"a":0,"k":0,"ix":6},"o":{"a":0,"k":100,"ix":7},"sk":{"a":0,"k":0,"ix":4},"sa":{"a":0,"k":0,"ix":5},"nm":"Transform"}],"nm":"M","np":3,"cix":2,"bm":0,"ix":1,"mn":"ADBE Vector Group","hd":false},{"ty":"gr","it":[{"ind":0,"ty":"sh","ix":1,"ks":{"a":0,"k":{"i":[[0,0],[0,0],[0,0],[1.148,-0.583],[1.908,0],[0,0],[-1.82,0.53],[-1.608,1.643],[-1.06,3.109],[0,0],[0,0],[0,0],[0,0]],"o":[[0,0],[0,0],[-0.495,1.413],[-1.149,0.583],[0,0],[2.226,0],[1.819,-0.53],[1.607,-1.643],[0,0],[0,0],[0,0],[0,0],[0,0]],"v":[[-20.06,-27.401],[-28.063,-27.401],[-18.152,0],[-20.617,2.995],[-25.201,3.869],[-25.201,10.123],[-19.133,9.328],[-13.992,6.068],[-9.99,-1.06],[-0.556,-27.401],[-8.347,-27.401],[-14.071,-8.692],[-14.177,-8.692]],"c":true},"ix":2},"nm":"y","mn":"ADBE Vector Shape - Group","hd":false},{"ty":"fl","c":{"a":0,"k":[1,1,1,1],"ix":4},"o":{"a":0,"k":100,"ix":5},"r":1,"bm":0,"nm":"Fill 1","mn":"ADBE Vector Graphic - Fill","hd":false},{"ty":"tr","p":{"a":0,"k":[0,-17.5],"ix":2},"a":{"a":0,"k":[0,0],"ix":1},"s":{"a":0,"k":[100,100],"ix":3},"r":{"a":0,"k":0,"ix":6},"o":{"a":0,"k":100,"ix":7},"sk":{"a":0,"k":0,"ix":4},"sa":{"a":0,"k":0,"ix":5},"nm":"Transform"}],"nm":"y","np":3,"cix":2,"bm":0,"ix":2,"mn":"ADBE Vector Group","hd":false},{"ty":"gr","it":[{"ind":0,"ty":"sh","ix":1,"ks":{"a":0,"k":{"i":[[0,0],[0,0],[0,0],[0.194,-0.777],[0.618,-0.512],[1.201,0],[0.724,0.866],[0,1.873],[0,0],[0,0],[-0.99,-1.713],[-1.855,-0.936],[-2.509,0],[-2.05,2.12],[0,4.064]],"o":[[0,0],[0,0],[0,1.096],[-0.195,0.778],[-0.619,0.513],[-1.52,0],[-0.725,-0.865],[0,0],[0,0],[0,2.297],[0.989,1.714],[1.855,0.936],[4.063,0],[2.049,-2.12],[0,0]],"v":[[25.042,-36.623],[16.721,-36.623],[16.721,-11.607],[16.43,-8.798],[15.211,-6.863],[12.481,-6.095],[9.116,-7.393],[8.029,-11.501],[0.503,-11.501],[0.503,-10.547],[1.987,-4.531],[6.254,-0.557],[12.799,0.848],[21.968,-2.332],[25.042,-11.607]],"c":true},"ix":2},"nm":"J","mn":"ADBE Vector Shape - Group","hd":false},{"ty":"fl","c":{"a":0,"k":[1,1,1,1],"ix":4},"o":{"a":0,"k":100,"ix":5},"r":1,"bm":0,"nm":"Fill 1","mn":"ADBE Vector Graphic - Fill","hd":false},{"ty":"tr","p":{"a":0,"k":[0,-17.5],"ix":2},"a":{"a":0,"k":[0,0],"ix":1},"s":{"a":0,"k":[100,100],"ix":3},"r":{"a":0,"k":0,"ix":6},"o":{"a":0,"k":100,"ix":7},"sk":{"a":0,"k":0,"ix":4},"sa":{"a":0,"k":0,"ix":5},"nm":"Transform"}],"nm":"J","np":3,"cix":2,"bm":0,"ix":3,"mn":"ADBE Vector Group","hd":false},{"ty":"gr","it":[{"ind":0,"ty":"sh","ix":1,"ks":{"a":0,"k":{"i":[[0,0.813],[0.371,0.636],[0.671,0.371],[0.848,0],[0.671,-0.371],[0.371,-0.636],[0,-0.812],[-0.371,-0.636],[-0.672,-0.371],[-0.848,0],[-0.672,0.371],[-0.371,0.636]],"o":[[0,-0.812],[-0.371,-0.636],[-0.672,-0.371],[-0.848,0],[-0.672,0.371],[-0.371,0.636],[0,0.813],[0.371,0.636],[0.671,0.371],[0.848,0],[0.671,-0.371],[0.371,-0.636]],"v":[[40.624,-35.51],[40.068,-37.683],[38.504,-39.194],[36.225,-39.75],[33.946,-39.194],[32.383,-37.683],[31.826,-35.51],[32.383,-33.337],[33.946,-31.827],[36.225,-31.27],[38.504,-31.827],[40.068,-33.337]],"c":true},"ix":2},"nm":"i","mn":"ADBE Vector Shape - Group","hd":false},{"ind":1,"ty":"sh","ix":2,"ks":{"a":0,"k":{"i":[[0,0],[0,0],[0,0],[0,0]],"o":[[0,0],[0,0],[0,0],[0,0]],"v":[[32.462,-27.401],[32.462,0],[39.988,0],[39.988,-27.401]],"c":true},"ix":2},"nm":"i","mn":"ADBE Vector Shape - Group","hd":false},{"ty":"mm","mm":1,"nm":"Merge Paths 1","mn":"ADBE Vector Filter - Merge","hd":false},{"ty":"fl","c":{"a":0,"k":[1,1,1,1],"ix":4},"o":{"a":0,"k":100,"ix":5},"r":1,"bm":0,"nm":"Fill 1","mn":"ADBE Vector Graphic - Fill","hd":false},{"ty":"tr","p":{"a":0,"k":[0,-17.5],"ix":2},"a":{"a":0,"k":[0,0],"ix":1},"s":{"a":0,"k":[100,100],"ix":3},"r":{"a":0,"k":0,"ix":6},"o":{"a":0,"k":100,"ix":7},"sk":{"a":0,"k":0,"ix":4},"sa":{"a":0,"k":0,"ix":5},"nm":"Transform"}],"nm":"i","np":5,"cix":2,"bm":0,"ix":4,"mn":"ADBE Vector Group","hd":false},{"ty":"gr","it":[{"ind":0,"ty":"sh","ix":1,"ks":{"a":0,"k":{"i":[[0,2.898],[1.13,2.191],[2.084,1.202],[2.791,0],[2.084,-1.201],[1.13,-2.173],[0,-2.897],[-1.131,-2.173],[-2.085,-1.201],[-2.792,0],[-2.085,1.183],[-1.166,2.173]],"o":[[0,-2.862],[-1.131,-2.19],[-2.085,-1.201],[-2.792,0],[-2.085,1.202],[-1.131,2.173],[0,2.862],[1.13,2.173],[2.084,1.201],[2.72,0],[2.084,-1.183],[1.166,-2.173]],"v":[[73.484,-13.674],[71.788,-21.253],[66.965,-26.341],[59.651,-28.143],[52.337,-26.341],[47.514,-21.279],[45.818,-13.674],[47.514,-6.122],[52.337,-1.06],[59.651,0.742],[66.859,-1.033],[71.735,-6.068]],"c":true},"ix":2},"nm":"o","mn":"ADBE Vector Shape - Group","hd":false},{"ind":1,"ty":"sh","ix":2,"ks":{"a":0,"k":{"i":[[2.049,0],[1.077,1.502],[0,2.792],[-1.096,1.52],[-1.979,0],[-0.99,-1.643],[0,-2.544],[1.077,-1.519]],"o":[[-2.05,0],[-1.078,-1.501],[0,-2.791],[1.095,-1.519],[2.261,0],[0.989,1.643],[0,2.756],[-1.078,1.52]],"v":[[59.651,-4.982],[54.96,-7.234],[53.344,-13.674],[54.987,-20.14],[59.598,-22.419],[64.474,-19.954],[65.958,-13.674],[64.341,-7.261]],"c":true},"ix":2},"nm":"o","mn":"ADBE Vector Shape - Group","hd":false},{"ty":"mm","mm":1,"nm":"Merge Paths 1","mn":"ADBE Vector Filter - Merge","hd":false},{"ty":"fl","c":{"a":0,"k":[1,1,1,1],"ix":4},"o":{"a":0,"k":100,"ix":5},"r":1,"bm":0,"nm":"Fill 1","mn":"ADBE Vector Graphic - Fill","hd":false},{"ty":"tr","p":{"a":0,"k":[0,-17.5],"ix":2},"a":{"a":0,"k":[0,0],"ix":1},"s":{"a":0,"k":[100,100],"ix":3},"r":{"a":0,"k":0,"ix":6},"o":{"a":0,"k":100,"ix":7},"sk":{"a":0,"k":0,"ix":4},"sa":{"a":0,"k":0,"ix":5},"nm":"Transform"}],"nm":"o","np":5,"cix":2,"bm":0,"ix":5,"mn":"ADBE Vector Group","hd":false}],"ip":0,"op":182.000007413012,"st":0,"bm":0},{"ddd":0,"ind":2,"ty":4,"nm":"jio_text Outlines","sr":1,"ks":{"o":{"a":1,"k":[{"i":{"x":[0.833],"y":[0.833]},"o":{"x":[0.167],"y":[0.167]},"t":94,"s":[100],"e":[0]},{"t":99.0000040323527}],"ix":11},"r":{"a":0,"k":0,"ix":10},"p":{"a":0,"k":[181,277,0],"ix":2},"a":{"a":0,"k":[35.5,20,0],"ix":1},"s":{"a":0,"k":[110,110,100],"ix":6}},"ao":0,"shapes":[{"ty":"gr","it":[{"ind":0,"ty":"sh","ix":1,"ks":{"a":0,"k":{"i":[[3.05,0],[0,0],[0,-3.286],[0,0],[3.234,0],[1.46,1.98],[-0.136,-2.349],[-7.345,0],[0,9.883],[0,0]],"o":[[0,0],[-2.918,0],[0,0],[0,4.064],[-2.46,0.005],[-2.211,0.804],[-0.001,4.248],[8.963,0],[0,0],[-0.002,-3.279]],"v":[[-14.776,-15.467],[-16.3,-15.467],[-20.781,-10.525],[-20.781,5.262],[-25.408,10.758],[-31.642,7.617],[-35.136,12.928],[-23.826,19.763],[-10.162,5.4],[-10.162,-10.571]],"c":true},"ix":2},"nm":"Path 1","mn":"ADBE Vector Shape - Group","hd":false},{"ind":1,"ty":"sh","ix":2,"ks":{"a":0,"k":{"i":[[0,0],[0,0],[0,-3.741],[0,0],[-2.773,0],[0,0],[0,3.655],[0,0],[2.769,0]],"o":[[0,0],[-2.588,0],[0,0],[0,3.742],[0,0],[2.59,0],[0,0],[0.043,-3.832],[0,0]],"v":[[-0.928,-7.478],[-1.982,-7.478],[-6.559,-2.536],[-6.559,14.412],[-1.889,19.355],[-0.831,19.355],[3.609,14.412],[3.609,-2.536],[-0.928,-7.476]],"c":true},"ix":2},"nm":"Path 2","mn":"ADBE Vector Shape - Group","hd":false},{"ind":2,"ty":"sh","ix":3,"ks":{"a":0,"k":{"i":[[0,0],[0,-2.917],[-3.377,0],[0,2.962],[3.374,0]],"o":[[-3.276,0],[0,2.955],[3.278,0],[0,-2.962],[0,0]],"v":[[-1.482,-19.763],[-6.834,-15.007],[-1.338,-10.205],[4.015,-15.007],[-1.471,-19.761]],"c":true},"ix":2},"nm":"Path 3","mn":"ADBE Vector Shape - Group","hd":false},{"ind":3,"ty":"sh","ix":4,"ks":{"a":0,"k":{"i":[[0,0],[0,-8.22],[-8.767,0],[0,8.36],[8.584,0]],"o":[[-8.679,0],[0,8.405],[8.688,0],[0.008,-8.21],[0,0]],"v":[[20.87,-7.756],[6.411,5.961],[20.725,19.761],[35.138,5.998],[20.874,-7.754]],"c":true},"ix":2},"nm":"Path 4","mn":"ADBE Vector Shape - Group","hd":false},{"ind":4,"ty":"sh","ix":5,"ks":{"a":0,"k":{"i":[[0,0],[1.03,2.246],[-1.705,1.788],[-2.292,-0.923],[0.009,-2.471],[1.083,-1.136],[1.571,0.006]],"o":[[-2.468,0.126],[-1.031,-2.246],[1.706,-1.788],[2.292,0.923],[0.083,1.567],[-1.082,1.135],[0,0]],"v":[[20.783,12.011],[14.99,8.499],[16.108,1.818],[22.73,0.386],[26.51,6.007],[24.945,10.241],[20.792,12.011]],"c":true},"ix":2},"nm":"Path 5","mn":"ADBE Vector Shape - Group","hd":false},{"ty":"mm","mm":1,"nm":"Merge Paths 1","mn":"ADBE Vector Filter - Merge","hd":false},{"ty":"fl","c":{"a":0,"k":[1,1,1,1],"ix":4},"o":{"a":0,"k":100,"ix":5},"r":1,"bm":0,"nm":"Fill 1","mn":"ADBE Vector Graphic - Fill","hd":false},{"ty":"tr","p":{"a":0,"k":[35.146,19.763],"ix":2},"a":{"a":0,"k":[0,0],"ix":1},"s":{"a":0,"k":[100,100],"ix":3},"r":{"a":0,"k":0,"ix":6},"o":{"a":0,"k":100,"ix":7},"sk":{"a":0,"k":0,"ix":4},"sa":{"a":0,"k":0,"ix":5},"nm":"Transform"}],"nm":"Group 1","np":9,"cix":2,"bm":0,"ix":1,"mn":"ADBE Vector Group","hd":false}],"ip":0,"op":182.000007413012,"st":0,"bm":0},{"ddd":0,"ind":3,"ty":4,"nm":"jio_patch Outlines","sr":1,"ks":{"o":{"a":1,"k":[{"i":{"x":[0.833],"y":[0.833]},"o":{"x":[0.167],"y":[0.167]},"t":94,"s":[100],"e":[0]},{"t":99.0000040323527}],"ix":11},"r":{"a":0,"k":0,"ix":10},"p":{"a":0,"k":[180,280,0],"ix":2},"a":{"a":0,"k":[46,46,0],"ix":1},"s":{"a":1,"k":[{"i":{"x":[0.667,0.667,0.667],"y":[1,1,1]},"o":{"x":[0.333,0.333,0.333],"y":[0,0,0]},"t":0,"s":[958,958,100],"e":[109,109,100]},{"t":24.00000097754}],"ix":6}},"ao":0,"shapes":[{"ty":"gr","it":[{"ind":0,"ty":"sh","ix":1,"ks":{"a":0,"k":{"i":[[25.405,0],[0,-25.405],[-25.404,0],[0,25.404]],"o":[[-25.404,0],[0,25.404],[25.405,0],[0,-25.405]],"v":[[0,-45.999],[-46,0.001],[0,45.999],[46,0.001]],"c":true},"ix":2},"nm":"Path 1","mn":"ADBE Vector Shape - Group","hd":false},{"ty":"fl","c":{"a":0,"k":[0.882352941176,0.101960784314,0.172549019608,1],"ix":4},"o":{"a":0,"k":100,"ix":5},"r":1,"bm":0,"nm":"Fill 1","mn":"ADBE Vector Graphic - Fill","hd":false},{"ty":"tr","p":{"a":0,"k":[46,46],"ix":2},"a":{"a":0,"k":[0,0],"ix":1},"s":{"a":0,"k":[100,100],"ix":3},"r":{"a":0,"k":0,"ix":6},"o":{"a":0,"k":100,"ix":7},"sk":{"a":0,"k":0,"ix":4},"sa":{"a":0,"k":0,"ix":5},"nm":"Transform"}],"nm":"Group 1","np":4,"cix":2,"bm":0,"ix":1,"mn":"ADBE Vector Group","hd":false}],"ip":0,"op":182.000007413012,"st":0,"bm":0},{"ddd":0,"ind":4,"ty":0,"nm":"letters_anim","refId":"comp_0","sr":1,"ks":{"o":{"a":1,"k":[{"i":{"x":[0.833],"y":[0.833]},"o":{"x":[0.167],"y":[0.167]},"t":94,"s":[100],"e":[0]},{"t":99.0000040323527}],"ix":11},"r":{"a":0,"k":0,"ix":10},"p":{"a":0,"k":[177.621,413.715,0],"ix":2},"a":{"a":0,"k":[184.3,589.58,0],"ix":1},"s":{"a":0,"k":[64,64,100],"ix":6}},"ao":0,"w":375,"h":812,"ip":6.00000024438501,"op":182.000007413012,"st":6.00000024438501,"bm":0},{"ddd":0,"ind":5,"ty":4,"nm":"Shape Layer 1","sr":1,"ks":{"o":{"a":0,"k":100,"ix":11},"r":{"a":0,"k":0,"ix":10},"p":{"a":1,"k":[{"i":{"x":0.667,"y":1},"o":{"x":0.333,"y":0},"t":91,"s":[235.016,259.031,0],"e":[331.516,99.031,0],"to":[16.083,-26.667,0],"ti":[-16.083,26.667,0]},{"t":107.000004358199}],"ix":2},"a":{"a":0,"k":[55.016,-60.969,0],"ix":1},"s":{"a":1,"k":[{"i":{"x":[0.667,0.667,0.667],"y":[1,1,1]},"o":{"x":[0.333,0.333,0.333],"y":[0,0,0]},"t":91,"s":[100,100,100],"e":[2,2,100]},{"t":107.000004358199}],"ix":6}},"ao":0,"shapes":[{"ty":"gr","it":[{"d":1,"ty":"el","s":{"a":0,"k":[1112.219,1112.219],"ix":2},"p":{"a":0,"k":[0,0],"ix":3},"nm":"Ellipse Path 1","mn":"ADBE Vector Shape - Ellipse","hd":false},{"ty":"fl","c":{"a":0,"k":[0.129411764706,0.278431372549,0.588235294118,1],"ix":4},"o":{"a":0,"k":100,"ix":5},"r":1,"bm":0,"nm":"Fill 1","mn":"ADBE Vector Graphic - Fill","hd":false},{"ty":"tr","p":{"a":0,"k":[55.016,-60.969],"ix":2},"a":{"a":0,"k":[0,0],"ix":1},"s":{"a":0,"k":[100,100],"ix":3},"r":{"a":0,"k":0,"ix":6},"o":{"a":0,"k":100,"ix":7},"sk":{"a":0,"k":0,"ix":4},"sa":{"a":0,"k":0,"ix":5},"nm":"Transform"}],"nm":"Ellipse 1","np":3,"cix":2,"bm":0,"ix":1,"mn":"ADBE Vector Group","hd":false}],"ip":-1.00000004073083,"op":107.000004358199,"st":151.000006150356,"bm":0}],"markers":[]}